OURS,,PPT,EMOJI,,NounProject,Mixed,IPNP,,,,,,,,IPNP - 7 languages,,,,,,subtlexus,UCAL,,,,McRae,,,,,
FINAL VOCABULARY,,PPT,EMOJI,,,Related terms,egoodrt,etype,estatu,erttot,esames,ovcjpg,lnefreq,ecdi,ggoodrt,sgoodrt,igoodrt,bgoodrt,hgoodrt,cgoodrt,FREQcount,"Animacy
 (1 = living; 0 = non-living)",WordAcc,PictRT,PictAcc,KF,BNC,Familiarity,Length_Phonemes,Length_Syllables,Mean_Distinct_No_Tax
Concept,Category,PPT category,EMOJI name,EMOJI category,# available icons,other labels used,% Valid response,# alternative names,Response agreement,response time,Items with shared name,visual complexity,frequency (CELEX),age of acquisition,% valid (german),% valid (spanish),% valid (italian),% valid (bulgarian),% valid (hungarian),% valid (chinese),frequency (subtlexus),ground truth class,word accuracy,response time for picture,picture accuracy,"frequency (Kucera & Francis, 1967)",frequency (British National Corpus),"familiarity of concept (mean rated by 20 participants: 1-9 scale, 9= extremely familiar)",number of phonemes in concept name,number of syllables in concept name,mean distinctiveness of the concept's features
airplane,transport,vehicles,airplane,travel & places (transport-air),6732,,1,3,1.132,800,0,16810,1.946,1,1,1,0.98,0.9,0.98,0.98,557,0,0.94,564.58,1,21,108,6.55,5,2,0.3
alligator,animals and insects,animals,crocodile,animals & nature (animal-reptile),165,,1,4,0.606,886,0,14874,1.099,2,1,0.96,0.94,0.98,0.94,0.94,178,1,1,560.33,1,4,114,3.75,8,4,0.314
arrow,signs and symbols,arrows,arrow (multiple),symbols (arrow),104440,,1,2,0.141,788,0,5990,2.773,3,1,1,0.98,1,0.88,1,400,#N/A,#N/A,#N/A,#N/A,#N/A,#N/A,#N/A,#N/A,#N/A,#N/A
baby,people and body,people,baby symbol,symbols (transport-sign),9059,,1,4,0.423,751,0,18598,5.557,1,1,0.98,0.96,0.94,0.96,0.92,25978,1,0.97,581.21,0.97,#N/A,#N/A,#N/A,#N/A,#N/A,#N/A
bag,commerce,commerce,handbag,objects ,27202,basket,0.98,4,0.828,951,0,18014,4.394,3,0.97,1,0.96,0.94,1,0.88,4796,0,1,625.73,1,52,7536,8.55,3,1,0.238
ball,activities,nature and outdoors,ball (many),activities (sport),12032,,1,1,0,886,0,13345,4.718,1,1,0.98,1,0.94,1,0.98,5353,0,0.94,597.32,1,123,9107,8.35,3,1,0.226
balloon,activities,celebration,balloon,activities (event),4877,,1,1,0,702,0,8015,1.946,1,0.97,1,0.98,0.96,0.98,0.96,442,0,1,694.85,0.97,13,1036,7.05,5,2,0.512
basket,commerce,commerce,basket,objects (household),5832,,1,2,0.141,840,0,23651,3.219,2,1,1,0.96,0.96,1,0.92,672,0,1,606.68,1,19,1830,6.9,6,2,0.679
battery,technology and electronics,interface,battery,objects (computer),12609,,#N/A,#N/A,#N/A,#N/A,#N/A,#N/A,#N/A,#N/A,#N/A,#N/A,#N/A,#N/A,#N/A,#N/A,#N/A,#N/A,#N/A,#N/A,#N/A,#N/A,#N/A,#N/A,#N/A,#N/A,#N/A
bed,home,home,bed,objects (household),4309,,1,1,0,706,0,13761,5.136,1,1,0.98,1,0.94,0.98,0.98,9543,0,1,550.61,1,139,18117,8.95,3,1,0.56
bicycle,transport,sports,bicycle,travel & places (transport-ground),4638,,1,2,0.881,751,0,24322,1.792,1,1,1,0.98,0.98,1,0.98,337,#N/A,#N/A,#N/A,#N/A,#N/A,#N/A,#N/A,#N/A,#N/A,#N/A
bird,animals and insects,animals,bird,animals & nature (animal-bird),7626,,1,4,1.036,1000,1,13239,0,1,1,1,0.96,0.9,0.98,0.96,2318,1,1,547.82,1,#N/A,#N/A,#N/A,#N/A,#N/A,#N/A
bone,people and body,body parts,bone,people & body (body-parts),3428,,1,1,0,872,0,14370,4.248,3,0.97,0.96,1,0.94,1,0.96,1329,#N/A,#N/A,#N/A,#N/A,#N/A,#N/A,#N/A,#N/A,#N/A,#N/A
book,school and office,education,closed book,objects (book-paper),23866,notebook,1,1,0,656,0,8619,6.075,1,1,0.98,0.98,0.8,1,1,9026,0,1,552.79,1,289,37980,8.8,3,1,0.73
bottle,food and drinks,food and drinks,bottle (multiple),food & drink (drink),13968,,0.98,3,0.567,804,1,8529,4.762,1,0.93,0.98,0.98,0.86,0.94,0.98,2588,0,1,547.31,1,91,6002,8.35,4,2,0.404
bowl,food and drinks,food and drinks,bowl with spoon,food & drink,4497,,0.98,2,0.169,828,0,9408,3.526,1,0.97,0.9,0.94,0.96,0.84,0.96,1094,0,1,565.35,1,26,3165,8.5,3,1,0.296
broadcast,technology and electronics,technology and electronics,n/a,n/a,1616,,#N/A,#N/A,#N/A,#N/A,#N/A,#N/A,#N/A,#N/A,#N/A,#N/A,#N/A,#N/A,#N/A,#N/A,#N/A,#N/A,#N/A,#N/A,#N/A,#N/A,#N/A,#N/A,#N/A,#N/A,#N/A
broom,home,home,broom,objects (household),1095,,1,1,0,821,0,11261,2.197,1,1,1,0.98,0.96,0.98,0.96,243,0,0.97,551.39,1,2,391,7.65,4,1,0.546
bus,transport,vehicles,bus,travel & places (transport-ground),4403,,1,1,0,771,0,23164,4.382,1,1,0.96,1,0.94,0.98,0.98,3783,0,0.97,576.86,1,40,6932,8.35,3,1,0.343
butterfly,animals and insects,bugs,butterfly,animals & nature (animal-bug),1334,,1,1,0,720,0,24645,2.398,1,1,1,0.98,0.96,1,1,281,1,0.97,538.27,1,3,1151,6.15,7,3,0.399
cactus,nature and outdoors,nature and outdoors,cactus,animals & nature (plant-other),1579,,0.96,1,0.057,933,0,55204,1.386,3,1,1,0.92,0.96,0.96,0.94,148,1,0.94,773.72,1,#N/A,#N/A,#N/A,#N/A,#N/A,#N/A
camel,animals and insects,n/a,camel,animals & nature (animal-mammal),249,,0.96,1,0.057,892,0,26026,3.258,3,1,0.92,0.9,0.94,0.94,1,256,1,1,542.94,1,2,599,2.4,4,2,0.53
candle,home,n/a,candle,objects (light & video),3443,,1,1,0,831,0,8385,2.833,3,1,1,1,0.92,0.96,0.98,409,0,1,573.85,1,23,1590,7.7,5,2,0.633
car,transport,vehicles,automobile (multiple),travel & places (transport-ground),23275,,1,1,0,751,0,9255,5.872,1,1,0.98,0.98,0.98,0.96,0.96,24636,0,0.89,570.79,1,386,35374,8.6,3,1,0.268
cat,animals and insects,animals,cat,animals & nature (animal-mammal),3518,,0.98,3,0.31,767,0,9894,4.22,1,1,0.98,0.98,0.94,1,1,3383,1,0.97,633.41,1,41,5540,7.65,3,1,0.364
cell phone,technology and electronics,technology and electronics,mobile phone,objects (phone),8571,"cellphone, mobile",#N/A,#N/A,#N/A,#N/A,#N/A,#N/A,#N/A,#N/A,#N/A,#N/A,#N/A,#N/A,#N/A,#N/A,#N/A,#N/A,#N/A,#N/A,#N/A,#N/A,#N/A,#N/A,#N/A,#N/A,#N/A
chain,signs and symbols,communication,link,objects (tool),2815,,0.96,1,0.057,943,0,12912,3.892,3,0.97,0.96,0.96,0.92,0.94,0.96,1082,0,1,613.19,1,60,5015,7.05,3,1,0.24
chart,analytics,analytics,chart (multiple),objects (office),31281,,#N/A,#N/A,#N/A,#N/A,#N/A,#N/A,#N/A,#N/A,#N/A,#N/A,#N/A,#N/A,#N/A,#N/A,#N/A,#N/A,#N/A,#N/A,#N/A,#N/A,#N/A,#N/A,#N/A,#N/A,#N/A
checkmark,signs and symbols,"signs and symbols, interface",check mark,symbols (other-symbol),2630,checkbox,#N/A,#N/A,#N/A,#N/A,#N/A,#N/A,#N/A,#N/A,#N/A,#N/A,#N/A,#N/A,#N/A,#N/A,#N/A,#N/A,#N/A,#N/A,#N/A,#N/A,#N/A,#N/A,#N/A,#N/A,#N/A
chicken,animals and insects,animals,chicken,animals & nature (animal-bird),2682,,0.94,4,1.253,1071,0,12886,3.738,1,0.97,0.96,1,0.96,0.92,1,3148,1,1,534.61,1,50,2579,7.95,5,2,0.314
church,buildings and shelters,n/a,church,travel & places (place-religious),2697,,1,3,0.282,1009,0,34595,5.215,1,1,1,1,0.98,1,0.92,3553,0,0.94,616.88,1,144,24058,6.1,3,1,0.542
cigarette,signs and symbols,signs and symbols,cigarette,objects (other-object),1424,,0.98,4,0.449,1011,0,7988,4.277,3,0.93,0.98,0.98,0.92,0.96,0.94,1357,0,0.97,654.55,0.97,37,3614,5.2,7,3,0.61
clipboard,school and office,business,clipboard,objects (office),8479,,#N/A,#N/A,#N/A,#N/A,#N/A,#N/A,#N/A,#N/A,#N/A,#N/A,#N/A,#N/A,#N/A,#N/A,#N/A,#N/A,#N/A,#N/A,#N/A,#N/A,#N/A,#N/A,#N/A,#N/A,#N/A
clock,analytics,"analytics, education",alarm clock,objects (time),18956,,1,2,0.141,776,0,25639,3.689,1,1,0.98,0.98,0.98,1,0.98,2990,0,1,572.15,1,28,3404,8.6,4,1,0.7
cloud,weather and sky,weather and seasons,cloud,travel & places (sky & weather),42440,,0.94,5,1.062,1269,0,11916,4.043,2,0.8,0.88,0.88,0.66,0.82,0.82,599,#N/A,#N/A,#N/A,#N/A,#N/A,#N/A,#N/A,#N/A,#N/A,#N/A
coat,apparel,apparel,coat,objects (clothing),1308,,1,4,1.223,1026,0,13847,4.127,1,1,1,0.9,0.9,0.98,0.94,2146,0,0.97,578.59,1,53,4403,8.35,3,1,0.165
cocktail glass,food and drinks,food and drinks,cocktail glass,objects (drink),2393,,#N/A,#N/A,#N/A,#N/A,#N/A,#N/A,#N/A,#N/A,#N/A,#N/A,#N/A,#N/A,#N/A,#N/A,#N/A,#N/A,#N/A,#N/A,#N/A,#N/A,#N/A,#N/A,#N/A,#N/A,#N/A
comb,home,home,n/a,n/a,846,,1,1,0,717,0,28324,1.792,1,1,1,1,0.98,1,0.98,309,0,0.97,599.06,1,7,544,7.9,3,1,0.399
computer screen,technology and electronics,technology and electronics,desktop computer,objects (computer),7742,"computer, screen",#N/A,#N/A,#N/A,#N/A,#N/A,#N/A,#N/A,#N/A,#N/A,#N/A,#N/A,#N/A,#N/A,#N/A,#N/A,#N/A,#N/A,#N/A,#N/A,#N/A,#N/A,#N/A,#N/A,#N/A,#N/A
console,technology and electronics,puzzles and games,n/a,n/a,2768,,#N/A,#N/A,#N/A,#N/A,#N/A,#N/A,#N/A,#N/A,#N/A,#N/A,#N/A,#N/A,#N/A,#N/A,#N/A,#N/A,#N/A,#N/A,#N/A,#N/A,#N/A,#N/A,#N/A,#N/A,#N/A
corn,food and drinks,holidays,ear of corn,food & drink (food-vegetable),869,,1,1,0,837,0,16041,3.219,2,1,0.98,0.94,0.9,0.96,0.96,725,1,0.83,713.03,1,36,1224,7.85,3,1,0.531
credit card,commerce,commerce,credit card,objects (money),9081,,#N/A,#N/A,#N/A,#N/A,#N/A,#N/A,#N/A,#N/A,#N/A,#N/A,#N/A,#N/A,#N/A,#N/A,#N/A,#N/A,#N/A,#N/A,#N/A,#N/A,#N/A,#N/A,#N/A,#N/A,#N/A
cross,signs and symbols,interface,cross mark,symbols (other-symbol),11313,,1,1,0,793,0,9790,3.135,3,1,1,0.98,0.9,0.96,0.98,2807,#N/A,#N/A,#N/A,#N/A,#N/A,#N/A,#N/A,#N/A,#N/A,#N/A
crown,apparel,n/a,crown,objects (clothing),2932,,0.96,3,0.435,956,0,23655,3.219,3,1,1,0.96,0.98,1,0.96,698,0,0.97,621.56,1,19,5492,2.95,4,1,0.672
cup,food and drinks,food and drinks,cup with straw,food & drink (drink),14690,drink,1,4,0.842,923,0,8190,4.357,1,1,1,0.98,0.92,0.96,0.98,2634,0,0.97,600.21,1,59,13575,8.2,3,1,0.269
database,analytics,analytics,n/a,n/a,9531,,#N/A,#N/A,#N/A,#N/A,#N/A,#N/A,#N/A,#N/A,#N/A,#N/A,#N/A,#N/A,#N/A,#N/A,#N/A,#N/A,#N/A,#N/A,#N/A,#N/A,#N/A,#N/A,#N/A,#N/A,#N/A
dog,animals and insects,animals,dog,animals & nature (animal-mammal),5205,,1,1,0,702,0,12012,4.754,1,0.97,0.98,1,0.96,0.98,0.98,9835,1,0.89,564.48,1,145,12536,8.15,3,1,0.467
dolphin,animals and insects,animals,dolphin,animals & nature (animal-marine),353,,1,2,0.141,889,0,9949,1.386,3,1,0.98,0.98,0.98,0.98,0.96,141,1,0.94,571.65,1,5,1614,3.85,6,2,0.359
download,technology and electronics,communication,n/a,n/a,18611,,#N/A,#N/A,#N/A,#N/A,#N/A,#N/A,#N/A,#N/A,#N/A,#N/A,#N/A,#N/A,#N/A,#N/A,#N/A,#N/A,#N/A,#N/A,#N/A,#N/A,#N/A,#N/A,#N/A,#N/A,#N/A
dress,apparel,apparel,dress,objects (clothing),4482,,1,1,0,840,0,23619,4.477,1,0.97,1,0.94,0.92,0.98,0.94,4447,0,0.97,611.47,1,77,5907,7.85,4,1,0.272
drop,signs and symbols,signs and symbols,droplet,travel & places (sky & weather),6430,,#N/A,#N/A,#N/A,#N/A,#N/A,#N/A,#N/A,#N/A,#N/A,#N/A,#N/A,#N/A,#N/A,#N/A,#N/A,#N/A,#N/A,#N/A,#N/A,#N/A,#N/A,#N/A,#N/A,#N/A,#N/A
drum,arts,arts,drum,objects (musical instrument),1130,,1,2,0.722,779,0,39085,2.833,3,1,1,0.98,0.96,1,0.98,432,0,1,518.82,1,26,1650,5.2,4,1,0.476
elephant,animals and insects,animals,elephant,animals & nature (animal-mammal),593,,1,2,0.141,847,0,24585,3.219,1,0.97,1,0.98,0.98,1,0.98,580,1,0.97,578.27,1,17,1508,3.5,7,3,0.291
envelope,school and office,communication,envelope,objects (mail),11167,letter,1,2,0.402,803,0,11394,3.219,3,1,0.98,0.96,1,0.92,0.96,513,0,1,609.15,1,24,1860,7.9,7,3,0.608
eye,people and body,body parts,eye,people & body (body-parts),14197,,0.98,2,0.169,703,0,9104,6.261,1,1,1,1,0.98,1,0.98,5701,#N/A,#N/A,#N/A,#N/A,#N/A,#N/A,#N/A,#N/A,#N/A,#N/A
faucet,home,home,shower,objects (household),1237,,1,6,1.06,1168,0,17509,1.099,3,0.97,0.92,0.94,0.84,0.96,0.96,73,0,1,683.3,1,1,11,8.1,5,2,0.63
fence,home,home,n/a,n/a,1254,,1,2,0.141,817,1,17349,3.434,3,1,0.98,0.8,0.96,1,0.92,819,0,1,533.84,1,46,2289,8.15,4,1,0.484
fire,signs and symbols,signs and symbols,fire,travel & places (sky & weather),9675,,1,3,0.282,854,0,52543,5.094,3,1,0.98,1,0.98,0.94,0.9,10990,#N/A,#N/A,#N/A,#N/A,#N/A,#N/A,#N/A,#N/A,#N/A,#N/A
fish,animals and insects,animals,fish,animals & nature (animal-marine),6768,,0.98,1,0.029,777,0,12019,5.1,1,0.97,0.94,0.98,0.96,0.96,0.94,4258,1,1,533.24,1,#N/A,#N/A,#N/A,#N/A,#N/A,#N/A
flower,nature and outdoors,nature and outdoors,flower (multiple),animals & nature (plant-flower),22643,,1,1,0,754,0,15082,4.543,1,0.97,1,0.98,0.96,0.98,0.98,1161,#N/A,#N/A,#N/A,#N/A,#N/A,#N/A,#N/A,#N/A,#N/A,#N/A
folder,school and office,business,file folder,objects (office),25870,,#N/A,#N/A,#N/A,#N/A,#N/A,#N/A,#N/A,#N/A,#N/A,#N/A,#N/A,#N/A,#N/A,#N/A,#N/A,#N/A,#N/A,#N/A,#N/A,#N/A,#N/A,#N/A,#N/A,#N/A,#N/A
foot,people and body,body parts,foot,people & body (body-parts),2763,,1,2,0.141,754,0,7638,5.79,1,0.97,1,0.98,0.88,1,1,3311,#N/A,#N/A,#N/A,#N/A,#N/A,#N/A,#N/A,#N/A,#N/A,#N/A
frog,animals and insects,animals,frog,animals & nature (animal-amphibean),404,,1,1,0,751,0,14773,2.303,1,0.97,1,0.98,0.98,0.96,1,603,1,1,569.35,1,2,960,5.45,4,1,0.254
garbage can,home,home,wastebasket,objects (office),2445,,#N/A,#N/A,#N/A,#N/A,#N/A,#N/A,#N/A,#N/A,#N/A,#N/A,#N/A,#N/A,#N/A,#N/A,#N/A,#N/A,#N/A,#N/A,#N/A,#N/A,#N/A,#N/A,#N/A,#N/A,#N/A
gauge,analytics,analytics,n/a,n/a,3043,,#N/A,#N/A,#N/A,#N/A,#N/A,#N/A,#N/A,#N/A,#N/A,#N/A,#N/A,#N/A,#N/A,#N/A,#N/A,#N/A,#N/A,#N/A,#N/A,#N/A,#N/A,#N/A,#N/A,#N/A,#N/A
gear,analytics,analytics,gear,objects (tool),16879,,#N/A,#N/A,#N/A,#N/A,#N/A,#N/A,#N/A,#N/A,#N/A,#N/A,#N/A,#N/A,#N/A,#N/A,#N/A,#N/A,#N/A,#N/A,#N/A,#N/A,#N/A,#N/A,#N/A,#N/A,#N/A
glasses,apparel,apparel,glasses,objects (clothing),8029,,1,2,0.242,766,0,11525,3.497,1,1,1,1,0.92,0.98,0.98,1689,#N/A,#N/A,#N/A,#N/A,#N/A,#N/A,#N/A,#N/A,#N/A,#N/A
globe,nature and outdoors,location,globe (multiple),travel & places (place-map),11297,world,1,2,0.141,879,0,24454,2.485,3,1,0.82,1,0.96,0.98,1,266,#N/A,#N/A,#N/A,#N/A,#N/A,#N/A,#N/A,#N/A,#N/A,#N/A
gorilla,animals and insects,animals,gorilla,animals & nature (animal-mammal),162,,1,3,1.098,1015,0,17084,1.386,3,0.97,0.98,0.9,0.94,0.92,0.92,283,1,1,599.47,1,1,209,2.65,6,3,0.365
gun,tools,n/a,pistol,objects (tool),2934,,0.98,5,0.687,758,1,10904,4.605,3,0.9,1,0.98,0.96,0.98,0.94,10873,0,0.94,534.41,1,119,5505,3.5,3,1,0.143
hand,people and body,body parts,hand (multiple),people & body,43462,,0.94,2,0.224,721,0,13345,6.586,1,1,0.94,1,0.9,1,1,14262,#N/A,#N/A,#N/A,#N/A,#N/A,#N/A,#N/A,#N/A,#N/A,#N/A
hat,apparel,apparel,hat (multiple),objects (clothing),9406,,0.96,3,1.046,980,1,9464,4.234,1,1,0.98,1,0.96,0.98,0.98,3273,0,1,518.97,1,#N/A,#N/A,#N/A,#N/A,#N/A,#N/A
head,people and body,people,person (multiple),people & body (person),"14,124",,#N/A,#N/A,#N/A,#N/A,#N/A,#N/A,#N/A,#N/A,#N/A,#N/A,#N/A,#N/A,#N/A,#N/A,#N/A,#N/A,#N/A,#N/A,#N/A,#N/A,#N/A,#N/A,#N/A,#N/A,#N/A
headphone,technology and electronics,technology and electronics,headphone,objects (music),5844,headphones,#N/A,#N/A,#N/A,#N/A,#N/A,#N/A,#N/A,#N/A,#N/A,#N/A,#N/A,#N/A,#N/A,#N/A,#N/A,#N/A,#N/A,#N/A,#N/A,#N/A,#N/A,#N/A,#N/A,#N/A,#N/A
heart,signs and symbols,signs and symbols,heart (multiple),smileys & emotion (emotion),31673,love,1,1,0,720,0,7316,5.106,3,1,1,0.96,0.9,0.92,0.96,12453,#N/A,#N/A,#N/A,#N/A,#N/A,#N/A,#N/A,#N/A,#N/A,#N/A
helicopter,transport,vehicles,helicopter,symbols (transport-air),1129,,1,1,0,793,0,18241,2.833,2,0.97,1,1,1,0.98,0.96,806,0,1,662.39,1,1,1556,4.05,10,4,0.284
hot dog,food and drinks,food and drinks,hot dog,food & drink (food-prepared),926,,#N/A,#N/A,#N/A,#N/A,#N/A,#N/A,#N/A,#N/A,#N/A,#N/A,#N/A,#N/A,#N/A,#N/A,#N/A,#N/A,#N/A,#N/A,#N/A,#N/A,#N/A,#N/A,#N/A,#N/A,#N/A
house,buildings and shelters,buildings,house,travel & places (place-building),28762,,1,2,0.141,755,0,18069,6.409,1,0.93,0.98,1,0.96,0.98,0.92,26214,0,0.89,584.66,1,674,61006,8.45,3,1,0.222
ice cream,food and drinks,food and drinks,soft ice cream,food & drink (food-sweet),8654,,#N/A,#N/A,#N/A,#N/A,#N/A,#N/A,#N/A,#N/A,#N/A,#N/A,#N/A,#N/A,#N/A,#N/A,#N/A,#N/A,#N/A,#N/A,#N/A,#N/A,#N/A,#N/A,#N/A,#N/A,#N/A
kangaroo,animals and insects,n/a,kangaroo,animals & nature (animal-mammal),156,,1,1,0,856,0,14555,1.386,3,0.97,0.94,0.98,0.98,0.98,0.98,118,1,1,605.26,1,#N/A,#N/A,#N/A,#N/A,#N/A,#N/A
key,security and justice,security and justice,key,objects (lock),12578,,0.88,1,0.162,738,0,7493,4.466,1,0.97,1,0.98,1,0.98,1,4430,0,1,587.26,1,122,14964,8.75,2,1,0.565
lamp,home,home,n/a,n/a,7811,,1,2,0.402,830,0,13522,3.584,1,1,0.98,0.96,0.98,0.96,0.96,657,0,1,560.47,1,24,2150,8.55,4,1,0.452
leaf,nature and outdoors,n/a,leaf (multiple),animals & nature (plant-other),12918,,0.96,1,0.057,848,0,26600,4.407,3,1,1,1,0.98,0.94,0.94,265,#N/A,#N/A,#N/A,#N/A,#N/A,#N/A,#N/A,#N/A,#N/A,#N/A
lightbulb,signs and symbols,process,light bulb,objects (light & video),1364,,1,3,0.482,752,0,10034,0,3,0.93,1,1,0.96,0.94,0.94,#N/A,#N/A,#N/A,#N/A,#N/A,#N/A,#N/A,#N/A,#N/A,#N/A,#N/A
lightning bolt,technology and electronics,signs and symbols,high voltage,travel & places (sky & weather),1958,,#N/A,#N/A,#N/A,#N/A,#N/A,#N/A,#N/A,#N/A,#N/A,#N/A,#N/A,#N/A,#N/A,#N/A,#N/A,#N/A,#N/A,#N/A,#N/A,#N/A,#N/A,#N/A,#N/A,#N/A,#N/A
lion,animals and insects,animals,lion,animals & nature (animal-mammal),702,,0.98,1,0.029,812,0,32267,3.258,1,1,0.98,1,0.94,0.96,0.98,783,1,0.97,550.24,1,23,2155,4.05,4,2,0.164
location,signs and symbols,location ,n/a,n/a,"38,021","location pin, landmark",#N/A,#N/A,#N/A,#N/A,#N/A,#N/A,#N/A,#N/A,#N/A,#N/A,#N/A,#N/A,#N/A,#N/A,#N/A,#N/A,#N/A,#N/A,#N/A,#N/A,#N/A,#N/A,#N/A,#N/A,#N/A
lock,security and justice,security and justice,locked,objects (lock),22961,keyhole,0.98,1,0.029,968,0,9706,2.773,3,1,0.98,0.88,0.92,1,0.92,2885,#N/A,#N/A,#N/A,#N/A,#N/A,#N/A,#N/A,#N/A,#N/A,#N/A
magnifying glass,analytics,analytics,magnifying glass (multiple),objects (light & video),8683,,#N/A,#N/A,#N/A,#N/A,#N/A,#N/A,#N/A,#N/A,#N/A,#N/A,#N/A,#N/A,#N/A,#N/A,#N/A,#N/A,#N/A,#N/A,#N/A,#N/A,#N/A,#N/A,#N/A,#N/A,#N/A
money,commerce,commerce,heavy dollar sign,objects (money),58556,,#N/A,#N/A,#N/A,#N/A,#N/A,#N/A,#N/A,#N/A,#N/A,#N/A,#N/A,#N/A,#N/A,#N/A,#N/A,#N/A,#N/A,#N/A,#N/A,#N/A,#N/A,#N/A,#N/A,#N/A,#N/A
moon,weather and sky,weather and seasons,crescent moon,travel & places (sky & weather),8319,,0.94,1,0.084,804,0,3730,4.094,1,0.97,1,0.98,0.92,1,0.96,2548,#N/A,#N/A,#N/A,#N/A,#N/A,#N/A,#N/A,#N/A,#N/A,#N/A
motorcycle,transport,vehicles,motorcycle,symbols (transport-ground),1577,,1,3,0.282,928,0,24207,2.708,1,0.97,1,0.96,0.96,0.94,0.98,455,0,1,561.64,1,1,367,4.9,8,4,0.385
musical note,arts,arts,musical note,objects (music),1994,music,#N/A,#N/A,#N/A,#N/A,#N/A,#N/A,#N/A,#N/A,#N/A,#N/A,#N/A,#N/A,#N/A,#N/A,#N/A,#N/A,#N/A,#N/A,#N/A,#N/A,#N/A,#N/A,#N/A,#N/A,#N/A
notebook,school and office,education,notebook,objects (book-paper),8118,,#N/A,#N/A,#N/A,#N/A,#N/A,#N/A,#N/A,#N/A,#N/A,#N/A,#N/A,#N/A,#N/A,#N/A,#N/A,#N/A,#N/A,#N/A,#N/A,#N/A,#N/A,#N/A,#N/A,#N/A,#N/A
owl,animals and insects,animals,owl,animals & nature (animal-bird),1333,,1,1,0,837,0,15316,2.079,1,1,0.98,0.9,1,1,0.92,286,1,1,609.53,1,4,1648,4.1,2,1,0.193
page,school and office,business,page facing up,objects (book-paper),26095,file,#N/A,#N/A,#N/A,#N/A,#N/A,#N/A,#N/A,#N/A,#N/A,#N/A,#N/A,#N/A,#N/A,#N/A,#N/A,#N/A,#N/A,#N/A,#N/A,#N/A,#N/A,#N/A,#N/A,#N/A,#N/A
paintbrush,arts,"arts, tools and building",paintbrush,objects (writing),353,brush,0.98,3,0.932,1067,0,7932,0.693,3,1,0.98,0.96,0.92,0.98,0.9,27,0,1,618.65,1,1,73,6.85,8,2,0.156
pants,apparel,apparel,jeans,objects (clothing),1529,,0.96,3,0.592,779,0,16138,2.833,1,1,1,1,0.98,0.98,0.98,2996,0,1,565.09,1,9,573,8.95,5,1,0.276
parrot,animals and insects,n/a,parrot,animals & nature (animal-bird),188,,0.96,2,0.765,1045,0,18115,1.609,3,1,0.98,1,0.96,1,0.94,167,1,0.97,583.12,1,#N/A,#N/A,#N/A,#N/A,#N/A,#N/A
pencil,school and office,education,pencil,objects (writing),13352,pen,1,1,0,702,0,7899,2.996,2,0.97,1,0.98,0.96,0.96,0.98,503,0,0.97,531.91,0.97,38,1451,8.6,5,2,0.614
people,people and body,people,(multiple),people & body (family),25495,,#N/A,#N/A,#N/A,#N/A,#N/A,#N/A,#N/A,#N/A,#N/A,#N/A,#N/A,#N/A,#N/A,#N/A,#N/A,#N/A,#N/A,#N/A,#N/A,#N/A,#N/A,#N/A,#N/A,#N/A,#N/A
person,people and body,people,person (multiple),people & body (person),28189,"child, man",#N/A,#N/A,#N/A,#N/A,#N/A,#N/A,#N/A,#N/A,#N/A,#N/A,#N/A,#N/A,#N/A,#N/A,#N/A,#N/A,#N/A,#N/A,#N/A,#N/A,#N/A,#N/A,#N/A,#N/A,#N/A
piano,arts,arts,musical keyboard,objects (musical instrument),796,,0.98,1,0.029,798,0,19570,3.332,3,0.97,0.98,1,0.96,0.98,0.96,1268,0,0.97,575.5,1,39,2112,5.95,5,3,0.271
pig,animals and insects,animals,pig,animals & nature (animal-mammal),1131,,1,1,0,855,0,10411,3.784,1,1,0.98,0.98,0.96,0.98,0.98,1996,1,1,535.09,1,14,2508,5.15,3,1,0.529
plug,technology and electronics,n/a,electric plug,objects (computer),5698,,0.96,3,0.336,1262,0,11385,2.303,3,0.77,0.9,0.88,0.92,0.74,0.94,531,#N/A,#N/A,#N/A,#N/A,#N/A,#N/A,#N/A,#N/A,#N/A,#N/A
pot,food and drinks,n/a,pot of food,food & drink (food-prepared),7998,,0.8,8,1.522,1532,0,5266,3.611,3,0.97,0.8,0.94,0.88,0.96,0.84,1149,0,1,575.85,1,28,3116,7.45,3,1,0.077
present,activities,celebration,wrapped gift,activities (event),6941,,0.96,5,1.516,955,0,11938,2.89,2,1,0.98,0.94,0.98,1,0.94,4562,#N/A,#N/A,#N/A,#N/A,#N/A,#N/A,#N/A,#N/A,#N/A,#N/A
prohibited,signs and symbols,signs and symbols,prohibited,symbols (warning),2319,ban,#N/A,#N/A,#N/A,#N/A,#N/A,#N/A,#N/A,#N/A,#N/A,#N/A,#N/A,#N/A,#N/A,#N/A,#N/A,#N/A,#N/A,#N/A,#N/A,#N/A,#N/A,#N/A,#N/A,#N/A,#N/A
question,signs and symbols,signs and symbols,question mark,symbols (other-symbol),4914,,#N/A,#N/A,#N/A,#N/A,#N/A,#N/A,#N/A,#N/A,#N/A,#N/A,#N/A,#N/A,#N/A,#N/A,#N/A,#N/A,#N/A,#N/A,#N/A,#N/A,#N/A,#N/A,#N/A,#N/A,#N/A
rabbit,animals and insects,animals,rabbit,animals & nature (animal-mammal),1326,,0.98,2,0.658,742,0,11295,2.996,3,0.97,0.96,0.96,0.9,0.94,0.98,1068,1,1,547.27,1,16,2486,6.05,5,2,0.198
recycle,signs and symbols,nature and outdoors,recycling symbol,symbols (other-symbol),6201,,#N/A,#N/A,#N/A,#N/A,#N/A,#N/A,#N/A,#N/A,#N/A,#N/A,#N/A,#N/A,#N/A,#N/A,#N/A,#N/A,#N/A,#N/A,#N/A,#N/A,#N/A,#N/A,#N/A,#N/A,#N/A
rhinoceros,animals and insects,animals,rhinoceros,animals & nature (animal-mammal),108,,0.96,6,1.17,1055,0,18320,1.099,3,0.93,0.94,0.92,0.98,0.92,0.98,38,1,0.94,573.94,1,#N/A,#N/A,#N/A,#N/A,#N/A,#N/A
rocket,transport,vehicles,rocket,travel & places (transport-air),4342,,1,3,0.541,861,0,18164,2.708,3,1,0.96,0.92,0.92,1,0.96,604,0,1,710.1,1,20,892,2.25,5,2,0.374
sailboat,transport,sports,sailboat,travel & places (transport-water),1180,,0.96,4,0.95,1057,0,19076,0,3,0.97,0.92,0.94,0.9,0.98,0.96,82,0,0.97,740.68,1,4,21,4.95,6,2,0.357
scale,security and justice,security and justice,balance scale,objects (tool),7340,balance scale,0.9,8,2.015,1388,0,14308,4.419,3,0.97,0.92,0.98,0.98,0.96,0.92,485,#N/A,#N/A,#N/A,#N/A,#N/A,#N/A,#N/A,#N/A,#N/A,#N/A
scissors,school and office,education,scissors,objects (office),2263,,0.94,1,0.084,741,0,13042,1.609,1,0.97,1,1,0.92,1,0.96,341,0,1,547.24,1,1,442,7.55,5,2,0.285
shark,animals and insects,n/a,shark,animals & nature (animal-marine),559,,0.96,3,0.336,1019,0,14311,3.045,3,0.97,1,0.96,0.92,0.98,0.94,764,1,1,547.06,1,#N/A,#N/A,#N/A,#N/A,#N/A,#N/A
shield,tools,n/a,shield,objects (tool),12674,,#N/A,#N/A,#N/A,#N/A,#N/A,#N/A,#N/A,#N/A,#N/A,#N/A,#N/A,#N/A,#N/A,#N/A,#N/A,#N/A,#N/A,#N/A,#N/A,10,2224,2.85,4,1,0.395
shoe,apparel,apparel,shoe (multiple),objects (clothing),5933,,0.98,1,0.029,737,0,14105,4.382,1,0.97,0.98,1,0.98,0.96,1,1550,#N/A,#N/A,#N/A,#N/A,#N/A,#N/A,#N/A,#N/A,#N/A,#N/A
shopping cart,commerce,commerce,shopping cart,objects (household),11948,cart,#N/A,#N/A,#N/A,#N/A,#N/A,#N/A,#N/A,#N/A,#N/A,#N/A,#N/A,#N/A,#N/A,#N/A,#N/A,#N/A,#N/A,#N/A,#N/A,#N/A,#N/A,#N/A,#N/A,#N/A,#N/A
skirt,apparel,apparel,n/a,n/a,769,,0.94,4,1.012,1031,0,7277,3.401,3,0.9,0.98,1,0.92,0.98,0.98,508,0,0.97,612.82,1,25,2136,7.75,4,1,0.405
snowflake,weather and sky,weather and seasons,snowflake,sky & weather,6097,,#N/A,#N/A,#N/A,#N/A,#N/A,#N/A,#N/A,#N/A,#N/A,#N/A,#N/A,#N/A,#N/A,#N/A,#N/A,#N/A,#N/A,#N/A,#N/A,#N/A,#N/A,#N/A,#N/A,#N/A,#N/A
soap bubbles,home,home,n/a,n/a,256,,#N/A,#N/A,#N/A,#N/A,#N/A,#N/A,#N/A,#N/A,#N/A,#N/A,#N/A,#N/A,#N/A,#N/A,#N/A,#N/A,#N/A,#N/A,#N/A,#N/A,#N/A,#N/A,#N/A,#N/A,#N/A
speech bubble,signs and symbols,communication,speech balloon,smileys & emotion,14370,bubble,#N/A,#N/A,#N/A,#N/A,#N/A,#N/A,#N/A,#N/A,#N/A,#N/A,#N/A,#N/A,#N/A,#N/A,#N/A,#N/A,#N/A,#N/A,#N/A,#N/A,#N/A,#N/A,#N/A,#N/A,#N/A
spider,animals and insects,n/a,spider,animals & nature (animal-bug),971,,0.98,1,0.029,907,0,37059,2.079,3,1,0.98,1,0.96,0.98,0.94,515,1,1,694.25,1,2,1036,7.25,6,2,0.37
spoon,food and drinks,food and drinks,spoon,food & drink (dishware),3166,,0.98,1,0.029,777,0,7344,2.773,1,1,0.96,0.96,0.92,0.94,0.98,388,0,1,555.55,1,6,1013,8.65,4,1,0.38
stars,weather and sky,"nature and outdoors, celebration",star,travel & places (sky & weather),28090,,#N/A,#N/A,#N/A,#N/A,#N/A,#N/A,#N/A,#N/A,#N/A,#N/A,#N/A,#N/A,#N/A,#N/A,#N/A,#N/A,#N/A,#N/A,#N/A,#N/A,#N/A,#N/A,#N/A,#N/A,#N/A
strawberry,food and drinks,n/a,strawberry,food & drink (food-fruit),1017,,0.98,1,0.029,1052,0,16771,1.946,2,1,0.98,1,0.94,0.96,0.92,282,1,0.97,664.91,1,2,661,8.45,8,3,0.36
stroller,home,home,n/a,n/a,600,,0.94,5,1.672,1319,1,17135,0.693,1,1,0.94,0.94,1,0.9,0.9,45,#N/A,#N/A,#N/A,#N/A,#N/A,#N/A,#N/A,#N/A,#N/A,#N/A
sun,weather and sky,weather and seasons,sun,travel & places (sky & weather),16881,,1,1,0,762,0,18102,5.03,1,0.97,1,1,0.92,0.96,0.96,3553,#N/A,#N/A,#N/A,#N/A,#N/A,#N/A,#N/A,#N/A,#N/A,#N/A
sweater,apparel,apparel,n/a,n/a,674,,0.94,4,1.58,1122,0,11622,2.773,1,0.93,1,1,0.92,0.98,0.98,704,0,1,648.24,1,18,774,8.45,6,2,0.172
syringe,tools,medical,syringe,objects (medical),1987,,#N/A,#N/A,#N/A,#N/A,#N/A,#N/A,#N/A,#N/A,#N/A,#N/A,#N/A,#N/A,#N/A,#N/A,#N/A,#N/A,#N/A,#N/A,#N/A,#N/A,#N/A,#N/A,#N/A,#N/A,#N/A
tag,commerce,commerce,label,n/a,11185,sale,#N/A,#N/A,#N/A,#N/A,#N/A,#N/A,#N/A,#N/A,#N/A,#N/A,#N/A,#N/A,#N/A,#N/A,#N/A,#N/A,#N/A,#N/A,#N/A,#N/A,#N/A,#N/A,#N/A,#N/A,#N/A
tent,buildings and shelters,nature and outdoors,tent,travel & places (place-other),1803,,0.98,1,0.029,744,0,16963,3.807,3,0.97,0.92,1,1,0.96,0.94,892,0,1,639.32,1,30,1564,6.85,4,1,0.551
thumbs down,signs and symbols,n/a,thumbs down,people & body (hand-fingers-closed),1174,,#N/A,#N/A,#N/A,#N/A,#N/A,#N/A,#N/A,#N/A,#N/A,#N/A,#N/A,#N/A,#N/A,#N/A,#N/A,#N/A,#N/A,#N/A,#N/A,#N/A,#N/A,#N/A,#N/A,#N/A,#N/A
thumbs up,signs and symbols,signs and symbols,thumbs up,people & body (hand-fingers-closed),3194,,#N/A,#N/A,#N/A,#N/A,#N/A,#N/A,#N/A,#N/A,#N/A,#N/A,#N/A,#N/A,#N/A,#N/A,#N/A,#N/A,#N/A,#N/A,#N/A,#N/A,#N/A,#N/A,#N/A,#N/A,#N/A
ticket,activities,n/a,ticket,activities (event),4570,,#N/A,#N/A,#N/A,#N/A,#N/A,#N/A,#N/A,#N/A,#N/A,#N/A,#N/A,#N/A,#N/A,#N/A,#N/A,#N/A,#N/A,#N/A,#N/A,#N/A,#N/A,#N/A,#N/A,#N/A,#N/A
tie,apparel,apparel,necktie,objects (clothing),3412,,1,2,0.141,760,0,19103,3.555,3,1,1,1,1,1,1,2266,0,1,611.62,1,38,4506,6.9,2,1,0.362
tool,tools,tools and building,tool (multiple),objects (tool),40241,,#N/A,#N/A,#N/A,#N/A,#N/A,#N/A,#N/A,#N/A,#N/A,#N/A,#N/A,#N/A,#N/A,#N/A,#N/A,#N/A,#N/A,#N/A,#N/A,#N/A,#N/A,#N/A,#N/A,#N/A,#N/A
train,transport,vehicles,train,travel & places (transport-ground),3900,,0.96,1,0.057,838,0,18361,4.407,1,0.97,1,1,0.94,0.98,1,4848,0,1,584.91,1,98,10384,6.05,4,1,0.512
tree,nature and outdoors,nature and outdoors,deciduous tree,animals & nature (plant-other),19741,,0.98,1,0.029,796,0,26074,5.257,1,1,0.98,0.98,0.98,0.96,0.98,3315,1,0.89,678.33,1,#N/A,#N/A,#N/A,#N/A,#N/A,#N/A
truck,transport,vehicles,delivery truck,travel & places (transport-ground),10983,,1,3,0.282,990,0,10639,3.611,1,1,0.96,0.96,0.86,1,0.96,3716,0,1,577.03,1,79,1867,7.65,4,1,0.262
trumpet,arts,arts,trumpet,objects (musical instrument),573,,0.98,4,1.109,1045,0,13615,2.197,3,1,1,1,0.94,0.98,0.94,210,0,1,582.82,1,7,531,4.2,7,2,0.294
turtle,animals and insects,animals,turtle,animals & nature (animal-reptile),488,,1,1,0,734,0,14768,1.609,1,0.97,1,0.96,0.96,1,0.94,869,1,0.97,597.06,1,9,447,5.7,4,2,0.221
umbrella,weather and sky,weather and seasons,umbrella,travel & places (sky & weather),3949,,1,1,0,738,0,15140,2.708,3,0.97,0.98,1,0.96,0.96,0.98,382,0,0.97,581.28,1,11,987,7.35,7,3,0.291
utensils,food and drinks,food and drinks,fork and knife,food & drink (dishware),5402,,#N/A,#N/A,#N/A,#N/A,#N/A,#N/A,#N/A,#N/A,#N/A,#N/A,#N/A,#N/A,#N/A,#N/A,#N/A,#N/A,#N/A,#N/A,#N/A,#N/A,#N/A,#N/A,#N/A,#N/A,#N/A
violin,arts,arts,violin,objects (musical instrument),198,,1,4,0.858,1057,0,8571,1.946,3,0.97,0.94,0.94,0.98,0.92,0.94,242,0,0.91,610,1,1,702,3.8,6,3,0.472
warning,signs and symbols,signs and symbols,warning,symbols (warning),10176,,#N/A,#N/A,#N/A,#N/A,#N/A,#N/A,#N/A,#N/A,#N/A,#N/A,#N/A,#N/A,#N/A,#N/A,#N/A,#N/A,#N/A,#N/A,#N/A,#N/A,#N/A,#N/A,#N/A,#N/A,#N/A
wheelchair,people and body,accessibility,wheelchair (some),people & body (person-activity),1104,,0.98,1,0.029,881,0,33755,1.386,3,1,1,0.9,0.96,0.96,0.94,316,#N/A,#N/A,#N/A,#N/A,#N/A,#N/A,#N/A,#N/A,#N/A,#N/A
wifi,technology and electronics,interface,n/a,n/a,10856,,#N/A,#N/A,#N/A,#N/A,#N/A,#N/A,#N/A,#N/A,#N/A,#N/A,#N/A,#N/A,#N/A,#N/A,#N/A,#N/A,#N/A,#N/A,#N/A,#N/A,#N/A,#N/A,#N/A,#N/A,#N/A
woman,people and body,people,woman,people & body (person),17786,,0.98,6,1.406,1130,0,14462,6.746,3,1,0.96,0.98,0.86,0.98,0.88,22166,1,0.94,593.94,0.94,#N/A,#N/A,#N/A,#N/A,#N/A,#N/A
zebra,animals and insects,animals,zebra,animals & nature (animal-mammal),160,,0.98,1,0.029,864,0,36034,1.099,2,1,0.94,0.94,0.98,0.98,1,128,1,0.94,631.58,1,1,276,2.6,5,2,0.194